mode,run,sessions,turns,bytes,startup_ms,queries,decode_ms,before_mib,peak_mib,steady_mib,first_open_ms
eager,1,10,10,4096,14.16,59,0.48,7.38,20.86,20.86,6.06
eager,2,10,10,4096,19.23,59,0.41,7.26,20.78,20.78,7.53
eager,3,10,10,4096,19.48,59,0.50,7.25,20.81,20.81,7.64
lazy,1,10,10,4096,17.18,10,0.07,7.61,19.38,19.38,8.11
lazy,2,10,10,4096,18.07,10,0.08,7.61,19.32,19.32,8.02
lazy,3,10,10,4096,14.46,10,0.08,7.54,19.48,19.48,6.91
eager,1,10,100,4096,25.04,59,4.92,7.28,38.27,38.27,8.56
eager,2,10,100,4096,31.91,59,5.40,7.23,38.00,38.00,10.02
eager,3,10,100,4096,31.78,59,5.05,7.28,37.95,37.95,10.42
lazy,1,10,100,4096,15.22,10,0.80,7.67,20.17,20.17,11.49
lazy,2,10,100,4096,13.18,10,0.42,7.62,20.01,20.01,9.70
lazy,3,10,100,4096,13.21,10,0.38,7.60,20.11,20.11,10.13
eager,1,100,10,4096,30.14,509,2.59,7.22,38.82,38.82,7.75
eager,2,100,10,4096,24.35,509,2.75,7.20,39.05,39.05,6.08
eager,3,100,10,4096,27.87,509,3.13,7.26,39.10,39.10,5.93
lazy,1,100,10,4096,14.73,10,0.62,7.70,22.20,22.19,7.87
lazy,2,100,10,4096,14.59,10,0.60,7.42,22.03,22.03,8.14
lazy,3,100,10,4096,14.01,10,0.50,7.66,22.08,22.08,6.36
eager,1,100,100,4096,106.38,509,33.92,7.14,191.98,191.98,9.56
eager,2,100,100,4096,110.70,509,34.48,7.21,192.21,192.21,8.26
eager,3,100,100,4096,126.83,509,40.82,7.27,191.86,191.86,8.48
lazy,1,100,100,4096,23.53,10,4.11,7.66,28.48,28.48,9.34
lazy,2,100,100,4096,23.13,10,4.11,7.55,28.61,28.61,9.54
lazy,3,100,100,4096,26.72,10,3.85,7.59,28.64,28.64,11.26
eager,1,100,100,16384,375.17,509,161.28,7.23,663.23,663.23,15.10
eager,2,100,100,16384,382.18,509,159.34,7.35,663.25,663.25,14.47
eager,3,100,100,16384,383.75,509,160.48,7.26,663.21,663.21,15.75
lazy,1,100,100,16384,23.89,10,4.16,7.74,28.40,28.40,19.69
lazy,2,100,100,16384,23.63,10,3.89,7.35,28.34,28.34,18.65
lazy,3,100,100,16384,26.33,10,3.90,7.62,28.42,28.42,19.20
eager,1,1000,10,4096,160.74,5009,31.16,7.27,211.48,211.48,6.14
eager,2,1000,10,4096,127.43,5009,24.48,7.23,211.45,211.45,6.40
eager,3,1000,10,4096,127.89,5009,31.20,7.28,211.50,211.50,6.34
lazy,1,1000,10,4096,44.42,10,5.29,7.60,48.12,48.12,7.82
lazy,2,1000,10,4096,32.23,10,5.98,7.70,48.26,48.26,6.84
lazy,3,1000,10,4096,31.84,10,5.43,7.66,48.24,48.24,13.32
